{
  "vanillatweaks:root": {
    "criteria": {
      "tick": "2023-06-12 21:25:26 +0200"
    },
    "done": true
  },
  "vanillatweaks:villager_death": {
    "criteria": {
      "tick": "2023-06-12 21:25:26 +0200"
    },
    "done": true
  },
  "armor_statues:enable": {
    "criteria": {
      "tick": "2023-06-12 21:25:26 +0200"
    },
    "done": true
  },
  "vanillatweaks:wandering_trades": {
    "criteria": {
      "tick": "2023-06-12 21:25:26 +0200"
    },
    "done": true
  },
  "vanillatweaks:confetti_creepers": {
    "criteria": {
      "tick": "2023-06-12 21:25:26 +0200"
    },
    "done": true
  },
  "vanillatweaks:fast_leaf_decay": {
    "criteria": {
      "tick": "2023-06-12 21:25:26 +0200"
    },
    "done": true
  },
  "minecraft:recipes/decorations/crafting_table": {
    "criteria": {
      "unlock_right_away": "2023-06-12 21:25:26 +0200"
    },
    "done": true
  },
  "vanillatweaks:cauldron_concrete": {
    "criteria": {
      "tick": "2023-06-12 21:25:26 +0200"
    },
    "done": true
  },
  "vanillatweaks:villager_workstation_highlights": {
    "criteria": {
      "tick": "2023-06-12 21:25:26 +0200"
    },
    "done": true
  },
  "vanillatweaks:double_shulker_shells": {
    "criteria": {
      "tick": "2023-06-12 21:25:26 +0200"
    },
    "done": true
  },
  "vanillatweaks:larger_phantoms": {
    "criteria": {
      "tick": "2023-06-12 21:25:26 +0200"
    },
    "done": true
  },
  "pk_painting_table:packages/player_id/joined_first_time": {
    "criteria": {
      "requirement": "2023-06-12 21:25:26 +0200"
    },
    "done": true
  },
  "pk_racks:packages/player_id/joined_first_time": {
    "criteria": {
      "requirement": "2023-06-12 21:25:26 +0200"
    },
    "done": true
  },
  "seavil:setup_sos": {
    "criteria": {
      "tick": "2023-06-12 21:25:26 +0200"
    },
    "done": true
  },
  "vanillatweaks:silence_mobs": {
    "criteria": {
      "tick": "2023-06-12 21:25:26 +0200"
    },
    "done": true
  },
  "pk_waystones:packages/player_id/joined_first_time": {
    "criteria": {
      "requirement": "2023-06-12 21:25:26 +0200"
    },
    "done": true
  },
  "vanillatweaks:real_clock": {
    "criteria": {
      "tick": "2023-06-12 21:25:26 +0200"
    },
    "done": true
  },
  "minecraft:adventure/adventuring_time": {
    "criteria": {
      "minecraft:savanna": "2023-06-12 21:25:28 +0200"
    },
    "done": false
  },
  "vanillatweaks:armor_statues": {
    "criteria": {
      "tick": "2023-06-12 21:25:26 +0200"
    },
    "done": true
  },
  "vanillatweaks:more_mob_heads": {
    "criteria": {
      "tick": "2023-06-12 21:25:26 +0200"
    },
    "done": true
  },
  "vanillatweaks:graves": {
    "criteria": {
      "tick": "2023-06-12 21:25:26 +0200"
    },
    "done": true
  },
  "DataVersion": 3465
}